"","n_ord","dataset","ID_dataset","decimalLatitude","decimalLongitude","retener","anio","mes","dia","stateProvince","county","locality","habitat"
"5",5,"gbif","3308691914",15.74278,-96.17417,"si",2006,2,5,"Oaxaca","SANTA MARIA HUATULCO","4 km en linea recta (230 grados) al SW de Santa Cruz Huatulco",""
"6",6,"gbif","3308691713",17.981873,-101.632504,"si",1986,2,7,"Guerrero","LA UNION DE ISIDORO MONTES DE OCA","sobre MEX 134 3.5 km al suroeste de Vallecitos",""
"22",22,"gbif","3308540417",15.892898,-96.007349,"si",2000,2,13,"Oaxaca","SANTIAGO ASTATA","Barra de la Cruz, 5 km N, por el rí_o Chacalapa","Selva mediana caducifolia. Orilla de rio"
"26",26,"gbif","3308480119",18.39138003,-95.28906246,"si",1986,11,25,"Veracruz","SAN ANDRES TUXTLA","Pizapan, a 12 km de San Andres Tuxtla por el ramal del tren","Selva alta perennifolia, secundaria. Suelo cafíŠ arenoso, relictos de selva, zona muy desmontada para la agricultura y ganaderí_a"
"30",30,"gbif","3308376554",18.23302542,-96.4124249,"si",1983,3,10,"Oaxaca","","Presa Miguel Alemíçn, Temascal.","Vegetacií_n secundaria de selva mediana perennifolia. Suelo kíçrstico"
"31",31,"gbif","3308371689",16.07612945,-97.62868048,"si",1984,2,19,"Oaxaca","SAN PEDRO POCHUTLA","1.5 km al E de la desv. a Totoltepec, hacia las fincas Dolores e Independencia, la desv. estíç a 4 km al N de Chacalapa",""
"33",33,"gbif","3308295331",19.317,-96.483,"si",1973,1,12,"Veracruz","PUENTE NACIONAL","Rinconada","Baja, espinoso, caducifolio. Suelo negro-arcilloso, pedregoso. Asoc. Leguminosae y Euphorbiaceae"
"50",50,"gbif","3307993527",18.23378074,-96.39335303,"si",1985,12,8,"Oaxaca","","Presa Temazcal, a 2 km del vertedor Camino a vertedor-Las Margaritas","Vegetacií_n secundaria de selva mediana perennifolia. Clima cíçlido hí_medo. Suelo kíçrstico"
"55",55,"gbif","3307903935",17.54214231,-101.0565941,"si",1986,2,3,"Guerrero","PETATLAN","2 Km al NE de Coyuquilla",""
"57",57,"gbif","3307877164",19.37019007,-96.8178377,"si",1982,1,20,"Veracruz","","Cerca de la desviacií_n de Jalcomulco, carretera Xalapa-Tlaltetela","MATORRAL EN CAíďADA"
"61",61,"gbif","3307849266",21.467,-104.917,"si",1989,2,4,"Nayarit","","A 9.3 KM AL W DE JALCOCOTAN EN CAMINO A MIRAMAR",""
"62",62,"gbif","3307841468",17.66088359,-101.6062276,"si",1985,2,15,"Guerrero","ZIHUATANEJO DE AZUETA","en la playa de Ixtapa.",""
"67",67,"gbif","3307681295",19.23761368,-96.61237119,"si",1973,1,26,"Veracruz","PUENTE NACIONAL","Pachuquilla",""
"71",71,"gbif","3307602350",23.42538101,-105.882233,"si",1955,3,18,"Sinaloa","","Mountinside 31 miles east of Villa Unií_n",""
"72",72,"gbif","3307598331",24.3296246,-107.048175,"si",1940,2,12,"Sinaloa","","Capadero, Sierra Tacuichamona","Damp shady canyon bottom under trees. Oak forest"
"76",76,"gbif","3079734153",19.225173,-104.685883,"si",2021,2,8,"Jalisco","","Cihuatlan, Jal., Mexico",""
"79",79,"gbif","3044957089",15.879965,-96.333888,"si",2021,2,21,"Oaxaca","","San Pedro Pochutla, Oax., MíŠxico",""
"91",91,"gbif","2993509340",23.33083,-105.98361,"si",2007,2,28,"Sinaloa","Concordia","Turnoff to La Guasima on MEX 40, Comunidad la Guíçsima (north-northeast of Concordia).",""
"94",94,"gbif","2883001653",24.414722,-106.676944,"si",2020,10,4,"Sinaloa","","",""
"97",97,"gbif","2807627649",17.98427642,-101.6141079,"si",1937,12,10,"Guerrero","","Vallecitos, Dto Montes de Oca",""
"102",102,"gbif","2807320523",20.43435405,-105.3021647,"si",1994,4,6,"Jalisco","Puerto Vallarta","Puerto Vallarta, 30 Km S, Puente La Puerta",""
"104",104,"gbif","2807240801",19.02,-103.87,"si",1990,2,13,"Colima","","9 Km N crucero de Manzanillo, hacia Minatitlan",""
"108",108,"gbif","2629714080",19.302222,-96.566111,"si",1982,1,30,"Veracruz","PUENTE NACIONAL","El Cedro","Selva baja caducifolia, riparia"
"113",113,"gbif","2629690964",19.498333,-105.044167,"si",1985,11,26,"Jalisco","LA HUERTA","Estacion de Biologia Chamela, UNAM","NO DISPONIBLE"
"115",115,"gbif","2629651236",19.366667,-96.808333,"si",1993,12,8,"Veracruz","COATEPEC","Coatepec, desviacií_n a Jalcomulco","Selva baja caducifolia"
"116",116,"gbif","2629648087",20.983889,-98.197222,"si",1987,3,27,"Veracruz","CHICONTEPEC","Cuilotitla","Acahual, orilla de carretera"
"117",117,"gbif","2629631780",18.433889,-95.176944,"si",1981,12,4,"Veracruz","SAN ANDRES TUXTLA","2.4 km by road S of Sihuapan and junction with Hwy 180, along dirt road to Salto de Eyipantla, 4 km by air SE of San Andres Tuxtla","Selva alta perennifolia. Fencerows and tobacco fields, the original forest cleared long ago"
"119",119,"gbif","2629597922",18.794972,-96.071111,"si",2004,11,8,"Veracruz","TLALIXCOYAN","Los Amatones","Caduciforme"
"120",120,"gbif","2629568046",19.239167,-96.32,"si",1987,3,19,"Veracruz","LA ANTIGUA","Loma Iguana","Selva baja caducifolia. Colectado a orilla de la ví_a"
"125",125,"gbif","2629515962",19.383611,-96.844722,"si",1994,1,4,"Veracruz","COATEPEC","5 km al SE de Tuzamapan","ENCINAR"
"126",126,"gbif","2629480286",19.225,-96.358333,"si",1987,2,10,"Veracruz","PASO DE OVEJAS","Paso Real, camino al Rancho El Tulipíçn","Selva mediana subcaducifolia. Terreno sujeto a inundacion"
"128",128,"gbif","2629452807",16.801667,-99.835,"si",1980,12,30,"Guerrero","ACAPULCO DE JUAREZ","1 km al N de Puerto MarquíŠs","NO DISPONIBLE"
"130",130,"gbif","2611040790",19.105864,-104.293614,"si",2013,2,28,"Colima","","Manzanillo, COL, MX",""
"135",135,"gbif","2426849356",16.8134,-98.6801,"si",2017,1,7,"Guerrero","San Luis Acatlan","PUEBLO: Yoloxochitl; LOCALIDAD EXACTA: A 1.10 km en linea recta al sureste de Yoloxichitl. A lado de la carretera que va a Cuanacaxtitlan. En el cerco de la parcela de Pedro Celestino.","Vegetacií_n secundaria de bosque tropical subcaducifolio, con Curatella americana, Coccoloba (Jobero), Genipa americana, Lysiloma, Bursera simaruba | Creciendo a la orilla de la carretera."
"136",136,"gbif","2426847045",16.8197,-98.7659,"si",2016,4,18,"Guerrero","San Luis Acatlan","PUEBLO: Yoloxachitl; LOCALIDAD EXACTA: Caminando directamente al oriente del pueblo, hacia Arroyo Cumiapa a 500 m de la ultima casa, en un paraje llamado Arroyo Guarumbo.","Bosque de galerí_a, vegetacií_n secundaria con Andira inermis, Xylosma, Ficus, trepadoras aríçceas | Sobre una cerca a lado de la carretera a Arroyo Cumiapa."
"142",142,"gbif","2268915024",23.38809774,-105.9456487,"si",1969,1,4,"Sinaloa","","26 mi E of Jct. Mex. 15 & 40 on Mex. 40.",""
"146",146,"gbif","2236023303",17.98301542,-101.6146148,"si",1937,10,12,"Guerrero","","Vallecitos. District Montes de Oca.",""
"147",147,"gbif","2235980699",18.12226955,-96.14720526,"si",1894,4,9,"Oaxaca","","North of Tuxtepec.",""
"148",148,"gbif","2235942705",17.20569684,-100.4331379,"si",1937,3,12,"Guerrero","","Atoyac. District Galeana.",""
"164",164,"gbif","1897376246",15.925222,-96.798472,"si",2008,12,6,"Oaxaca","SAN BARTOLOME LOXICHA","300 m despuíŠs de Rancherí_a de La Chinilla","Sobre brecha"
"175",175,"gbif","1897376202",15.773167,-96.21225,"si",2005,1,16,"Oaxaca","SANTA MARIA HUATULCO","Sobre el Rio Xuchil, a 9 km en l.r. (210 N) del puente Xuchitl","Bosque de galerí_a a orilla de arroyo temporal, con Ceiba, Ficus, Leguminosas, Acacia, Cordia y pasto"
"176",176,"gbif","1897376196",18.74379,-103.67642,"si",2004,1,31,"Michoacan","COAHUAYANA","1 km al S Coahuayana","Zona agricola, a orilla de camino"
"177",177,"gbif","1897376181",17.165556,-99.526389,"si",1966,1,1,"Guerrero","JUAN R. ESCUDERO","Tierra Colorada","Orilla de una carretera que atraviesa una ladera de fuerte declive orientada al E y cubierta de rocas graniticas"
"180",180,"gbif","1895947288",20.133333,-97.492778,"si",1998,2,11,"Puebla","TUZAMAPAN DE GALEANA","2.5 km al NE de Ricardo Flores Magon, magenes del rio Zempoala.","NO DISPONIBLE"
"184",184,"gbif","1895527134",17.208889,-100.434169,"si",1937,12,3,"Guerrero","ATOYAC DE ALVAREZ","Atoyac, Dto Galeana","Wooded hill"
"189",189,"gbif","1895527105",16.94759833,-99.96735084,"si",1971,2,23,"Guerrero","ACAPULCO DE JUAREZ","Pieniedelaquesta, 16 Km NW de Acapulco","Beach and flatland behind beach"
"197",197,"gbif","1893730289",19.491667,-96.491667,"si",1980,2,20,"Veracruz","PUENTE NACIONAL","CONEJOS, MPIO. PUENTE NACIONAL","MATORRAL EN CAíďADA"
"198",198,"gbif","1893730288",19.491667,-96.491667,"si",1977,2,11,"Veracruz","PUENTE NACIONAL","REMUDADERO, MPIO. PUENTE NACIONAL, VER.","MATORRAL EN CANIADA"
"202",202,"gbif","1893430237",17.508333,-94.925,"si",1961,4,7,"Veracruz","ACAYUCAN","Acayucan","Cubre una gran parte del cuadrante con flores de color amarillos"
"205",205,"gbif","1585944430",20.8833,-97.55,"si",1941,3,16,"Veracruz","","Huizontla, Coalcoman Mich. District.","Woods."
"212",212,"gbif","1259897420",18.23560198,-96.4051752,"si",1987,2,12,"Oaxaca","Tuxtepec","500 m. de la Hidroelectrica al Vertedor de La Presa Temascal. Limites de la Selva Mediana Subperennifolia, con Brosimum alicastrum.",""
"214",214,"gbif","1259279128",21.2,-105.066667,"si",1979,1,9,"Nayarit","Compostela","Along Highway 200 between Tepic and Puerto Vallarta; 33 miles SSW [south] of Tepic, 4 miles NE [north] of Las Varas.",""
"215",215,"gbif","1259278687",17.15,-99.516667,"si",1979,1,5,"Guerrero","Juan R. Escudero","Along gravel road between Tierra Colorado and Xalpatlahuac, between Tierra Colorado and bridge over Rio Omitlan",""
"217",217,"gbif","1259277109",21.583333,-105.216667,"si",1991,3,13,"Nayarit","San Blas","5 km al W del crucero de San Blas-Los Cocos, o a 1 km al W de Singaita. Selva mediana alterada.",""
"218",218,"gbif","1259276080",14.92,-92.35,"si",1976,2,20,"Chiapas","Tapachula","Along route #200 between Huixtla and Tapachula, ca. 12 km from Tapachula.",""
"219",219,"gbif","1259275532",22.65,-105.233333,"si",1927,3,1,"Nayarit","Acaponeta","Acaponeta, Tiger Mine. [From M.E. Jones, Contr. W. Bot. 13: 121 (1929): ""Went to the El Tigre mine on horseback. This is some 26 miles east of Acaponeta, and the mine is at 1,400 feet altitude...Next morning ... started back... botanizing along the way....""]",""
"220",220,"gbif","1259275272",18.16528484,-96.09753764,"si",1983,2,26,"Veracruz","Tierra Blanca","""Puente las Pinias"" a la salida de Delicias. Carr. a Cd. Aleman. Veg. Secundaria. Suelo amarillo arcilloso.",""
"224",224,"gbif","1258595910",14.987222,-92.163611,"si",1976,12,13,"Chiapas","Cacahoatíçn","Weed in street in Cacaohatin [elevation 485 m for this locality].",""
"226",226,"gbif","1257845799",15.844722,-95.970833,"si",2002,2,19,"Oaxaca","Tehuantepec","Municipio: Santiago Astata. 1.5 km al N de Barra de la Cruz.",""
"237",237,"gbif","912389603",18.41,-100.68,"si",1934,1,19,"Michoacan","","Tacupa","I.R.F.B."
"243",243,"inat","113448149",21.018219,-105.274009,"si",2022,4,19,"Nayarit","Compostela","Cerca de carretera a Los Ayala","https://www.inaturalist.org/observations/113448149"
"244",244,"inat","112112237",15.885068,-96.415028,"si",2022,4,12,"Oaxaca","Pluma Hidalgo","Camino de terraceria paralelo a la carr. Oaxaca El Zapote-Copalita hacia finca San Rafael","https://www.inaturalist.org/observations/112112237"
"245",245,"inat","111260671",15.88546,-96.41492,"si",2022,4,12,"Oaxaca","Pluma Hidalgo","Camino de terraceria paralelo a la carr. Oaxaca El Zapote-Copalita hacia finca San Rafael","https://www.inaturalist.org/observations/111260671"
"246",246,"inat","110667933",17.990963,-102.117027,"si",2022,2,28,"Guerrero","La Union de Isidro Montes de Oca","Cruzando el rio, enfrente de la CFE Petacalco-Lazaro Cardenas","https://www.inaturalist.org/observations/110667933"
"247",247,"inat","109778456",17.889386,-94.97308,"si",2022,3,28,"Veracruz","Sayula de Aleman","Cerca de carretera Sayula de Aleman-Tierra blanca","https://www.inaturalist.org/observations/109778456"
"248",248,"inat","146000936",19.366096,-96.839058,"si",2022,12,6,"Veracruz","Tlaltetela","Cerca de carretara Xalapa-Totutla al este del Mirador al Rio La Antigua y entre el mismo rio","https://www.inaturalist.org/observations/146000936"
"249",249,"inat","108517226",16.822361,-99.807091,"si",2022,3,13,"Guerrero","Acapulco de Juarez","Aprox a 676m de la Carretera Cayaco-Puerto Marques","https://www.inaturalist.org/observations/108517226"
"250",250,"inat","107263655",19.224037,-104.686027,"si",2022,1,8,"Jalisco","Cihuatlan","Cerca de carreteta 80 Barra de Navidad-La Huerta","https://www.inaturalist.org/observations/107263655"
"251",251,"inat","106587682",17.978363,-102.335918,"si",2022,2,10,"Michoacan","Lazaro Cardenas","Cerca de carretera La Mira-Playa Azul, del lado contrario a la costa","https://www.inaturalist.org/observations/106587682"
"252",252,"inat","106388866",20.614558,-105.223587,"si",2022,2,7,"Jalisco","Puerto Vallarta","Cerca del fraccionamiento los gastronomicos, sobre la calle Terranoble","https://www.inaturalist.org/observations/106388866"
"253",253,"inat","105791744",17.628191,-101.539326,"si",2022,1,29,"Guerrero","Zihuatanejo de Azueta","Aprox 100m al N del centro de tennis Chanek","https://www.inaturalist.org/observations/105791744"
"254",254,"inat","107263777",19.214989,-104.684938,"si",2022,1,8,"Jalisco","Cihuatlan","Cerca de carreteta 80 Barra de Navidad-La Huerta, frente a Bungalows Sunset","https://www.inaturalist.org/observations/107263777"
"255",255,"inat","105376870",15.678531,-96.515236,"si",2022,1,21,"Oaxaca","San Pedro Pochutla","1.61 km al N de la carretera 175 ","https://www.inaturalist.org/observations/105376870"
"256",256,"inat","104625287",20.645972,-105.233228,"si",2022,8,1,"Jalisco","Puerto Vallarta","Aprox 400m al Este sobre Av. Fluvial Vallarta del Blvd. Francisco Medina Ascencio","https://www.inaturalist.org/observations/104625287"
"257",257,"inat","103735150",19.157236,-104.362555,"si",2021,12,26,"Colima","Manzanillo","Cerca de la cancha de la zona de senderimos Petatero","https://www.inaturalist.org/observations/103735150"
"258",258,"inat","103419212",17.628191,-101.539326,"si",2021,12,21,"Guerrero","Zihuatanejo de Azueta","Aprox 100m al N del centro de tennis Chanek","https://www.inaturalist.org/observations/103419212"
"259",259,"inat","99456139",19.329123,-104.799116,"si",2021,10,25,"Jalisco","La Huerta","Aprox 2.89km al N de la Carretera 200 Manzanillo-Puerto Vallarta, por camino de terraceria ","https://www.inaturalist.org/observations/99456139"
"260",260,"inat","77780199",20.792382,-105.325624,"si",2021,5,6,"Nayarit","Bahia de Banderas","Aprox. 4.11km al N de Bucerias por terraceria, a la altura del Mirador La Bruja","https://www.inaturalist.org/observations/77780199"
"261",261,"inat","75717683",15.878577,-96.339368,"si",2021,4,29,"Oaxaca","San Pedro Pochutla","1km al E del pueblito Benito Juarez sobre camino de terraceria ""Hidalgo""","https://www.inaturalist.org/observations/75717683"
"262",262,"inat","71664170",17.879786,-95.03257,"si",2021,3,20,"Veracruz","San Juan Evangelista","Aprox. 4.11km al S de la Carretera 145 Sayula de Aleman-Tierra Blanca, por camino de terraceria, pasando el ""Silice del Istmo"" hasta el centro del pueblo Aguacatito, de ahi 561m al E","https://www.inaturalist.org/observations/71664170"
"263",263,"inat","71598507",20.895614,-105.399606,"si",2021,3,19,"Nayarit","Bahia de Banderas","A 14m de la Carretera 200 Tepic-Puerto Vallarta","https://www.inaturalist.org/observations/71598507"
"264",264,"inat","70094207",15.879965,-96.333888,"si",2021,2,29,"Oaxaca","San Pedro Pochutla","1km al E del pueblito Benito Juarez sobre camino de terraceria ""Hidalgo""","https://www.inaturalist.org/observations/70094207"
"265",265,"inat","70043866",15.880389,-96.33326,"si",2021,2,21,"Oaxaca","San Pedro Pochutla","1km al E del pueblito Benito Juarez sobre camino de terraceria ""Hidalgo""","https://www.inaturalist.org/observations/70043866"
"266",266,"inat","69997618",15.88141,-96.331182,"si",2021,2,21,"Oaxaca","San Pedro Pochutla","1km al E del pueblito Benito Juarez sobre camino de terraceria ""Hidalgo""","https://www.inaturalist.org/observations/69997618"
"267",267,"inat","69826269",17.879913,-95.033821,"si",2021,2,19,"Veracruz","San Juan Evangelista","Aprox. 4.11km al S de la Carretera 145 Sayula de Aleman-Tierra Blanca, por camino de terraceria, pasando el ""Silice del Istmo"" hasta el centro del pueblo Aguacatito, de ahi 561m al E","https://www.inaturalist.org/observations/69826269"
"268",268,"inat","69696567",15.730996,-96.166768,"si",2021,2,16,"Oaxaca","Santa Maria Huatulco","Aprox. 858m antes de llegar a la Bahia de Cacaluta, por el camino de terraceria","https://www.inaturalist.org/observations/69696567"
"269",269,"inat","69380411",19.339178,-96.759453,"si",2021,2,9,"Veracruz","Jalcomulco","Aprox. a 200m de Selvazul, turismo de Aventura","https://www.inaturalist.org/observations/69380411"
"270",270,"inat","69304837",19.214587,-104.68486,"si",2021,2,8,"Jalisco","Cihuatlan","Cerca de carreteta 80 Barra de Navidad-La Huerta","https://www.inaturalist.org/observations/69304837"
"271",271,"inat","69303601",19.21813,-104.68512,"si",2021,2,8,"Jalisco","Cihuatlan","Cerca de carreteta 80 Barra de Navidad-La Huerta","https://www.inaturalist.org/observations/69303601"
"272",272,"inat","69284254",19.225173,-104.685883,"si",2021,2,8,"Jalisco","Cihuatlan","Cerca de carreteta 80 Barra de Navidad-La Huerta","https://www.inaturalist.org/observations/69284254"
"273",273,"inat","69167858",19.22589,-104.708778,"si",2021,2,6,"Jalisco","San Patricio","Aprox. 200m al S de la Carretera 200, por el camino de Las Primaveras, pasando el Rio","https://www.inaturalist.org/observations/69167858"
"274",274,"inat","68983569",21.017612,-105.278244,"si",2021,1,31,"Nayarit","Compostela","Aprox. 1km al O de la Carretera 200, antes de llegar a Rincon de Guayabitos","https://www.inaturalist.org/observations/68983569"
"275",275,"inat","68301854",15.9154,-96.13916,"si",2021,1,15,"Oaxaca","San Miguel del Puerto","Sobre terraceria, antes e la desviacion de las cascadas San Miguel llano grande y cascadas magicas de Copalitilla","https://www.inaturalist.org/observations/68301854"
"276",276,"inat","68301796",15.909369,-96.135834,"si",2021,1,15,"Oaxaca","San Miguel del Puerto","Aprox a 104m de la entrada a las cascadas magicas de Copalitilla","https://www.inaturalist.org/observations/68301796"
"277",277,"inat","68290461",15.864522,-96.230576,"si",2021,1,15,"Oaxaca","Santa Maria Huatulco","Aprox. 1.96km al N del pueblito Arroyo Xuchitl, cerca del hotel Yoo'Nashi","https://www.inaturalist.org/observations/68290461"
"278",278,"inat","68290444",15.864522,-96.230576,"si",2021,1,15,"Oaxaca","Santa Maria Huatulco","Aprox. 138m al E del hotel Yoo'Nashi","https://www.inaturalist.org/observations/68290444"
"279",279,"inat","68247414",17.390293,-101.052898,"si",2021,1,17,"Guerrero","Petatlan","Aprox. 800m al N de la escuela priamria Nicolas Bravo en Coyuquilla Norte (1.5km al N de la carretara 200)","https://www.inaturalist.org/observations/68247414"
"280",280,"inat","55414438",16.599634,-98.14152,"si",2017,1,22,"Oaxaca","San Juan Cacahuatepec","Aprox. 2km al E de San Juan Cacahuatepec, antes de llegar a La Guitarra, sobre terraceria","https://www.inaturalist.org/observations/55414438"
"281",281,"inat","44365173",19.105864,-104.293614,"si",2013,2,28,"Colima","Manzanillo","Aprox. 500m de la bifurcacion de la carretera 200 Manzanillo-Puerto Vallarta, al N de Villa Cipres","https://www.inaturalist.org/observations/44365173"
"282",282,"inat","42852758",19.214272,-104.684525,"si",2020,4,22,"Jalisco","Cihuatlan","Cerca de carreteta 80 Barra de Navidad-La Huerta, frente a Bungalows","https://www.inaturalist.org/observations/42852758"
"283",283,"inat","40732032",21.287811,-104.996477,"si",2020,3,19,"Nayarit","Compostela","4km al O de Jaltepec que esta paralelo al arrollo El Refilion","https://www.inaturalist.org/observations/40732032"
"284",284,"inat","39937968",21.495899,-105.176908,"si",2020,2,21,"Nayarit","San Blas","680m al N del Balneario El Badito en Juan Escutia","https://www.inaturalist.org/observations/39937968"
"285",285,"inat","39913850",21.495331,-105.176918,"si",2020,2,21,"Nayarit","San Blas","680m al N del Balneario El Badito en Juan Escutia","https://www.inaturalist.org/observations/39913850"
"286",286,"inat","38916818",20.94513,-105.345282,"si",2020,2,19,"Nayarit","Bahia de Banderas","800m al S de Ursulo Galvan, a la altura del Rancho las Mojarras","https://www.inaturalist.org/observations/38916818"
"287",287,"inat","38614884",17.625819,-101.536236,"si",2019,1,5,"Guerrero","Zihuatanejo de Azueta","200m antes de llegar Residencial Las Palmas III, 100m al E de la carretera, sobre el camino a playa La Ropa","https://www.inaturalist.org/observations/38614884"
"288",288,"inat","38043817",21.219722,-105.006667,"si",2020,1,24,"Nayarit","Compostela","Aprox. a 1km al E del Cafe Camila, por terraceria","https://www.inaturalist.org/observations/38043817"
"289",289,"inat","37681075",15.690278,-96.611944,"si",2020,1,14,"Oaxaca","Santa Maria Tonameca","Aprox a 600m al S del final del camino de terraceria hacia la Laguna del Palmar","https://www.inaturalist.org/observations/37681075"
"290",290,"inat","30349221",16.157574,-97.123521,"si",2019,2,3,"Oaxaca","San Juan Lachao","","https://www.inaturalist.org/observations/30349221"
"291",291,"inat","21893012",15.726831,-96.165237,"si",2019,3,30,"Oaxaca","Santa Maria Huatulco","Aprox. 858m antes de llegar a la Bahia de Cacaluta, por el camino de terraceria","https://www.inaturalist.org/observations/21893012"
"292",292,"inat","21029103",15.769032,-96.107621,"si",2019,2,15,"Oaxaca","Santa Maria Huatulco","Aprox. 700m al N del Mirador de Huatulco, sobre terraceria","https://www.inaturalist.org/observations/21029103"
"293",293,"inat","21029097",15.769032,-96.107621,"si",2019,2,15,"Oaxaca","Santa Maria Huatulco","Aprox. 700m al N del Mirador de Huatulco, sobre terraceria","https://www.inaturalist.org/observations/21029097"
"294",294,"inat","20159232",15.769197,-96.134143,"si",2019,1,25,"Oaxaca","Santa Maria Huatulco","Aprox 150m al E del Parque Ecologico Rufino Tamayo","https://www.inaturalist.org/observations/20159232"
"295",295,"inat","20159203",15.769197,-96.134143,"si",2019,1,25,"Oaxaca","Santa Maria Huatulco","Aprox 150m al E del Parque Ecologico Rufino Tamayo","https://www.inaturalist.org/observations/20159203"
"296",296,"inat","10024965",21.437725,-105.19199,"si",2018,2,27,"Nayarit","San Blas","Aprox 100m al E del Hotel Dubai de Miramar","https://www.inaturalist.org/observations/10024965"
"297",297,"inat","9805219",15.735258,-96.157665,"si",2018,2,8,"Oaxaca","Santa Maria Huatulco","Aprox a 218m del Sendero Sanate-Parte Nacional Huatulco","https://www.inaturalist.org/observations/9805219"
"298",298,"inat","9489003",15.789115,-96.053895,"si",2018,1,14,"Oaxaca","Santa Maria Huatulco","Zona Arqueologica Bocana del Rio Copalita, cerca del Santuario del Juagar","https://www.inaturalist.org/observations/9489003"
"299",299,"inat","9081759",15.814343,-96.064453,"si",2017,4,4,"Oaxaca","Santa Maria Huatulco","Aprox 405m del restaurant La palapa de Andres","https://www.inaturalist.org/observations/9081759"
"300",300,"inat","5144535",20.766772,-105.329832,"si",2017,2,2,"Nayarit","Bahia de Banderas","100m al N de Bucerias, sobre camino Arroyo del Indio","https://www.inaturalist.org/observations/5144535"
"301",301,"inat","5144329",20.769059,-105.334038,"si",2017,2,1,"Nayarit","Bahia de Banderas","262m al N de Bucerias, antes de llegar a Rancho Emanuel Bucerias, 430m al O del camino","https://www.inaturalist.org/observations/5144329"
"302",302,"inat","5033010",19.30928,-96.775303,"si",2017,1,22,"Veracruz","Jalcomulco","","https://www.inaturalist.org/observations/5033010"
"303",303,"inat","3643228",16.93013,-99.81328,"si",2015,1,30,"Guerrero","Acapulco de Juarez","Aprox 200m al S de la Carretera 95, entre la glorieta y la caseta","https://www.inaturalist.org/observations/3643228"
"304",304,"inat","154635305",19.234751,-104.794586,"si",2023,4,12,"Jalisco","La Huerta","Aprox 900m al O de la Playa Dorada","https://www.inaturalist.org/observations/154635305"
"305",305,"inat","154635301",19.234751,-104.794586,"si",2023,4,12,"Jalisco","La Huerta","Aprox 900m al O de la Playa Dorada","https://www.inaturalist.org/observations/154635301"
"306",306,"inat","153109000",19.21414,-104.684551,"si",2023,1,28,"Jalisco","Cihuatlan","Casi enfrende Paseo Iguanas, del lado contrario O de la ctra, rumbo a bungalows sunset","https://www.inaturalist.org/observations/153109000"
"307",307,"inat","153108565",19.217881,-104.685116,"si",2023,1,28,"Jalisco","Cihuatlan","Enfrente de la cabanias tiki-tuk del lado O de la ctra.","https://www.inaturalist.org/observations/153108565"
"308",308,"inat","151007162",21.491173,-105.168801,"si",2023,3,12,"Nayarit","San Blas","Aprox a 322m al S de el Balneario El pichol, sobre terraceria","https://www.inaturalist.org/observations/151007162"
"309",309,"inat","150868183",18.413016,-95.124112,"si",2023,3,7,"Veracruz","Catemaco","407m al E por camino de terraceria, de la ctra Minatitlan-Veracruz, a la altura de la laguna de Chalchoapan","https://www.inaturalist.org/observations/150868183"
"310",310,"inat","150323012",19.339558,-104.73693,"si",2023,1,24,"Jalisco","Cihuatlan","550m al E de la Poza El Choncho","https://www.inaturalist.org/observations/150323012"
"311",311,"inat","149673584",19.177942,-104.269674,"si",2023,2,15,"Colima","Manzanillo","","https://www.inaturalist.org/observations/149673584"
"312",312,"inat","149306985",21.172513,-105.197452,"si",2023,2,18,"Nayarit","Compostela","Aprox a 835m al N de Xahala Residencial, sobre ctra. Chacala-Las Varas, en la primera desviacion hacia la Laguna Mastranzo","https://www.inaturalist.org/observations/149306985"
"313",313,"inat","149210796",21.173242,-105.197946,"si",2023,2,18,"Nayarit","Compostela","Aprox a 835m al N de Xahala Residencial, sobre ctra. Chacala-Las Varas, en la primera desviacion hacia la Laguna Mastranzo","https://www.inaturalist.org/observations/149210796"
"314",314,"inat","148430199",18.714983,-103.714203,"si",2023,1,19,"Michoacan","Coahuayana","Aprox a 325m al S de la frontera de Colima-Michoacan, sobre la ctra Zihuatanejo-Manzanillo, antes de cruzar el Rio Coahuayana","https://www.inaturalist.org/observations/148430199"
"315",315,"inat","148365940",20.863395,-105.447793,"si",2022,12,13,"Nayarit","Bahia de Banderas","Aprox 146m al E de las CabaĂąa Monte Zion, desviacion hacia Patzcuarito, por camino de terraceria","https://www.inaturalist.org/observations/148365940"
"316",316,"inat","148068860",16.57439,-98.378043,"si",2023,2,4,"Guerrero","Ometepec","","https://www.inaturalist.org/observations/148068860"
"317",317,"inat","147930143",17.628191,-101.539326,"si",2023,2,2,"Guerrero","Zihuatanejo de Azueta","","https://www.inaturalist.org/observations/147930143"
"318",318,"mexu","MEXU_1167740",17.0635512,-99.2733284,"si",1986,3,23,"Guerrero","Tecoanapa","Del El Maguey a La Charca, carr. a Tecoanapa, izq. de Tierra Colorada",""
"319",319,"mexu","MEXU_1167782",17.16490427,-100.3183904,"si",1984,3,27,"Guerrero","Atoyac de Alvarez","Carr. de El Quemado a Cacalutla","Suelo arcilloso-arenoso"
"320",320,"mexu","MEXU_1167808",16.77306334,-99.45812968,"si",1991,3,2,"Guerrero","San Marcos","Rio la Estancia, a 60m del puente rumbo a la playa","Parte alta de la rivera, suelo arcilloso"
"321",321,"mexu","MEXU_1167859",16.886834,-99.897595,"si",1991,1,13,"Guerrero","Acapulco de Juarez","Parque Nacional el Veladero, Col. Palama Sola","Acahual en ladera, suelo pedregoso, arcilloso"
"322",322,"mexu","MEXU_1167885",16.4577559,-98.66489,"si",1991,2,28,"Guerrero","Cuajinicuilapa","Arroyo tila a 1km del poblado Guadalupe, rumbo a la laguna","Rivera, suelo arcilloso"
"323",323,"mexu","MEXU_1167894",17.0684804,-99.265586,"si",1986,3,23,"Guerrero","Tecoanapa","Los Magueyes, desv. a Colotepec, carr. Tierra Colorada-Ayutla","Bosque de Pinus-Quercus, suelo rojo-arcilloso, poco profundo"
"324",324,"mexu","MEXU_1167896",16.766572,-98.735892,"si",1986,2,6,"Guerrero","San Luis Acatlan","a 2km de Jolotichan camino San Luis Acatlan Iliatenco","Bosque tropical caducifolio (primario), suelo pedregoso-arcilloso poco profundo"
"325",325,"mexu","MEXU_1167897",16.681507,-98.42166,"si",1982,4,28,"Guerrero","Ometepec","a 1km de Ometepec, direccion las Iguanas",""
"326",326,"mexu","MEXU_1167901",17.19352307,-100.292859,"si",1982,3,28,"Guerrero","Atoyac de Alvarez","de El Quemado en la desv. a Tecpan","Bosque tropical caducifolio (secundaria), suelo arenoso"
"327",327,"mexu","MEXU_1167927",16.9102506,-98.9787951,"si",1986,4,24,"Guerrero","Ayutla de los Libres","La concordia camino hacia Las Mesas","Bosque de Quercus, suelo pedregoso, poco profundo, arcilloso"
"328",328,"mexu","MEXU_1150519",16.38333,-93.97083,"si",2004,1,26,"Chiapas","Arriaga","La Alianza, Nuevo centro de poblacion",""
"329",329,"mexu","MEXU_1151745",20.70042161,-105.2964862,"si",1988,4,2,"Nayarit","Ahuacatlan","2km al N de San Ignacio, ca. 10 km al S de Bucerias",""
"330",330,"mexu","MEXU_1047650",17.149307,-99.5553861,"si",1966,1,1,"Guerrero","","Tierra Colorada",""
"331",331,"mexu","MEXU_101246",18.34558355,-96.2709187,"si",1961,2,24,"Oaxaca","","km 18 de la Granja-Temascal, margen derecho",""
"333",333,"mexu","MEXU_1192027",17.9578138,-101.615564,"si",2005,2,7,"Guerrero","La Union de Isidoro Montes de Oca","sobre carr. mex. 134, 3.5km al suroeste de Vallecitos",""
"334",334,"mexu","MEXU_1196591",15.77317,-96.21225,"si",2005,1,16,"Oaxaca","Santa Maria Huatulco","Sobre el rio Xuchitl, a 9km en linea recta (210 grados N) del puente Xuchitl",""
"335",335,"mexu","MEXU_1196598",15.74278,-96.17417,"si",2006,2,5,"Oaxaca","Santa Maria Huatulco","4km en linea recta (230 grados) al SW de Santa Maria Huatulco",""
"336",336,"mexu","MEXU_1198317",15.8513092,-95.960244,"si",2001,2,14,"Oaxaca","Santiago Astata","Barra de la Cruz, 2km al N sobre el rio Chacalapa",""
"337",337,"mexu","MEXU_1198320",15.847902,-95.97822,"si",2002,2,19,"Oaxaca","Santiago Astata","1.5 km al N de Barra de la Cruz","Vegetacion secundaria de selva baja caducifolia"
"338",338,"mexu","MEXU_1204086",15.77753,-96.17514,"si",2004,12,1,"Oaxaca","Santa Maria Huatulco","En el puente Cacaluta de la carr. Costera a Pochutla, sobre el rio Cacaluta",""
"339",339,"mexu","MEXU_1213230",17.4258014,-101.189232,"si",1982,2,1,"Guerrero","Petatlan","Loma Bonita","Acahual, suelo limosa-arcilloso"
"340",340,"mexu","MEXU_1371747",22.039395,-104.931508,"si",2009,1,31,"Nayarit","Ruiz","Inmediaciones de la margen izquierda del rio San Pedro Ixcatan"," "
"341",341,"mexu","MEXU_1372817",23.332189,-105.97378,"si",2006,1,8,"Sinaloa","Concordia","Desviacion a La Guasima por la MEX 40, Comunidad La Guasima (nornoreste de Concordia)",""
"342",342,"mexu","MEXU_1291451",21.433,-98.033,"si",2001,3,15,"Veracruz","Chontla","Alrededores de Llano grande, Tontoyuca- Ejido Comales",""
"343",343,"mexu","MEXU_1218484",15.92867,-96.06611,"si",2002,1,12,"Oaxaca","San Miguel del Puerto","Camino al Achiote, a 2300m de Santa Maria Xadani",""
"344",344,"mexu","MEXU_1237503",15.92867,-96.06611,"si",2002,1,12,"Oaxaca","San Miguel del Puerto","Camino al Achiote, a 2300m de Santa Maria Xadani","Vegetacion secundaria de selva baja caducifolia"
"345",345,"mexu","MEXU_1237504",15.855566,-96.003564,"si",2001,12,10,"Oaxaca","Santiago Astata","800m al N de la boca na Zimatan sobre el rio","Vegetacion secundaria de selva baja caducifolia, orilla de rio"
"346",346,"mexu","MEXU_1237579",15.98111,-96.09722,"si",2001,1,14,"Oaxaca","San Miguel del Puerto","Puente rio San Lorenzo, 2.8km al W, sobre la brecha a Montecarlo",""
"347",347,"mexu","MEXU_1268812",19.017,-104.317,"si",2005,1,9,"Colima","Manzanillo","Las brisas, frente a la zona militar al final de la Avenida Lazaro Cardenas",""
"348",348,"mexu","MEXU_1383750",17.83211,-101.408,"si",2013,1,11,"Guerrero","Zihuatanejo de Azueta","Aprox 19 km al SO de Vallecitos de Zaragosa y a 19km al NE de El Camalote, carr. Ciudad Altamirano-Zihuatanejo",""
"349",349,"mexu","MEXU_1383955",17.894695,-101.353385,"si",1985,12,12,"Guerrero","Zihuatanejo de Azueta","En El Cedral, 5 km al SO de Vallecitos de Zaragoza",""
"350",350,"mexu","MEXU_1246482",15.72375,-96.16383,"si",2005,11,29,"Oaxaca","Santa Maria Huatulco","En la playa Cacaluta por donde salen las motos",""
"351",351,"mexu","MEXU_565489",18.23300754,-96.39871418,"si",1987,2,12,"Oaxaca","San Miguel Soyaltepec","500 m de la hidroelectrica al Vertedor de La Presa Temascal","Limites de la selva mediana subperennifolia on Brosimum alicastrum, clima calido humedo, suelo karstico"
"352",352,"mexu","MEXU_416113",15.7035542,-96.48622385,"si",1966,2,8,"Oaxaca","","Entre Pochutla y Puerto Angel, km 246",""
"355",355,"mexu","MEXU_963262",15.905,-96.14361,"si",2000,1,25,"Oaxaca","San Miguel del Puerto","Copalitilla, cascadas del rio",""
"356",356,"mexu","MEXU_970985",15.90944,-96.13778,"si",1999,11,20,"Oaxaca","San Miguel del Puerto","Rancho Copalitilla, al W de Santa Maria Xadani",""
"357",357,"mexu","MEXU_970995",15.83972,-96.35694,"si",1999,2,23,"Oaxaca","Santa Maria Huatulco","La Herradura, 2.9km, brecha Santa Maria Magdalena",""
"358",358,"mexu","MEXU_868691",17.1,-94.933,"si",1987,2,20,"Oaxaca","","A lo largo de la carr. 185 Sarabia-Uxpanapa, entre Rio corte y 5km al O de Rio Corte",""
"359",359,"mexu","MEXU_981495",15.82230249,-95.97261829,"si",2000,3,8,"Oaxaca","Santiago Astata","Barra de la Cruz, 3km al SW, 1 km al N de Plaza Zimatan",""
"360",360,"mexu","MEXU_996172",15.833,-96.433,"si",1987,12,10,"Oaxaca","","3.6km al E de Chacalapa","Vegetacion secundaria de selva mediana con Curatela, suelo amarillo arcilloso"
"361",361,"mexu","MEXU_687002",19.317,-96.75,"si",1983,2,13,"Veracruz","Jalcomulco","Camino Jalcomulco-Buenavista",""
"362",362,"mexu","MEXU_709288",21.467,-104.917,"si",1988,1,14,"Nayarit","Tepic","km 20-30 camino de terraceria a el CuarenteĚąo-Cora-Jalcocotan, en la serrania de San Juan",""
"363",363,"mexu","MEXU_709341",21.483,-105.1,"si",1989,3,24,"Nayarit","Tepic","2km al SE de Tecuitata, brecha al Cora",""
"366",366,"mexu","MEXU_157208",18.232584,-96.411294,"si",1961,12,13,"Oaxaca","","Presa Temascal",""
"367",367,"mexu","MEXU_216069",18.195406,-96.087467,"si",1967,3,10,"Veracruz","Cosamaloapan de Carpio","Ciudad Aleman",""
"370",370,"mexu","MEXU_261850",19.31300537,-96.49265071,"si",1975,3,11,"Veracruz","Puente Nacional","Conejos","Caniada"
"373",373,"mexu","MEXU_363573",18.18354906,-102.4941118,"si",1981,3,25,"Michoacan","Lazaro Cardenas","A 27 km al NW de Playa Azul",""
"374",374,"mexu","MEXU_363906",17.65193095,-101.5676701,"si",1979,3,28,"Guerrero","Zihuatanejo de Azueta","En Zihuatanejo en la torre transmisora de TV.",""
"375",375,"mexu","MEXU_379895",16.31192994,-98.03296729,"si",1983,1,29,"Oaxaca","Santiago Pinotepa Nacional","Santa Maria, al SE de Pinotepa Nacional",""
"379",379,"varios_herbs","25878",21.96049621,-104.9354493,"si",1895,2,1,"Nayarit","Tepic","Zopelote",""
"386",386,"varios_herbs","1975714",17.95,-95.16667,"si",1981,12,6,"Veracruz","San Juan Evangelista","Vic. La Lima, just W of Rio Juan and north of Sayula-Tierra Blanca highway","selva alta perennifolia, brushy roadsides and pastures"
"387",387,"idigbio","173880",18.63689745,-103.4041362,"si",1941,3,16,"Michoacan","Coalcoman","Huizontla 400m"," woods, flowers yellow"
"388",388,"idigbio","3729575",18.190278,-96.096944,"si",1969,8,4,"Veracruz","Ciudad Aleman","Cosamaloapan","acahual, bejuco, suelo profundo arcilloso, con abundancia regular, anual, amarilla"
"389",389,"idigbio","1890847",17.20569684,-100.4331379,"si",1937,12,3,"Guerrero","Galeana","Atoyac 100m","wooded hill, vine, flowers yellow"
"392",392,"idigbio","1035236",24.06456207,-106.6422205,"si",1918,5,8,"Sinaloa","San Ignacio","Arroyo del agua caliente","large vine, climbing, over trees"
"393",393,"idigbio","1978419",18.63689745,-103.4041362,"si",1941,11,25,"Michoacan","Coalcoman","Ostula","en barranca, vine, flowers yellow"
"395",395,"idigbio","1890999",18.59819455,-103.5038494,"si",1938,11,19,"Michoacan","Coalcoman","Aquila 220m","woods, vine, flowers yellow, very scarce"
"396",396,"idigbio","1890924",17.98301542,-101.6146148,"si",1937,12,10,"Guerrero","Montes de Oca","Vallecitos","on a tree, vine flowers yellow"
"397",397,"idigbio","1842912",15.87412794,-96.43966175,"si",1937,2,24,"Oaxaca","Pochutla","Vicinity of Concordia",""
"400",400,"idigbio","1299511",18.61969204,-103.6783914,"si",1965,3,15,"Michoacan","","Steep hills overlooking the Pacific Ocean, 3-6km southeast of San Juan de Lima, nearly south of Coahuayana","deciduous forest with Bursera, Ceiba, Ipomoea, abundatn locally on roadside, herbaceous vine 2-4m ong, flowers yellow"
"401",401,"idigbio","1299513",18.08486835,-102.2999223,"si",1965,2,26,"Michoacan","","Steep hills about 45-48km south of Arteaga, 12-15km north of Playa Azul","deciduous forest on ridges, subdeciduous in ravines, with Trichilia, Hura, Jacaratia, Bursera simaruba, Tabebuia, Brosimum, abundant in thickets, herbaceous wine to 5-6m long, flowers yellow"
"402",402,"idigbio","1299514",21.12412646,-105.1681588,"si",1965,4,11,"Nayarit","","Steep hills, deciduous forest now nearly leafless, 6-12km northeast of Miramar, road to Jalcocotan","abundant, also near Miramar, near sea-level, woody vine 2-5m long. flowers bright yellow"
"403",403,"idigbio","1299515",23.20366416,-106.2001621,"si",1962,1,30,"Sinaloa","Rosario","13.7 mi E of Rio Concordia at Concordia on Mexico 40","flowers yellow, vine climbing over shrubs on heavily wooded ravine"
"404",404,"idigbio","1299516",18.53851864,-96.73882199,"si",1944,3,9,"Veracruz","","Along the roadside between Rancho de Mecayantla and Ejido de Pueblo nuevo 1 to 4 km northeast of Campo Experimental de Hule","herbaceous vine, flowers yellow"
"405",405,"idigbio","1299519",24.37399565,-107.0968329,"si",1941,2,12,"Sinaloa","Capadero","Sierra Tacuichamona","flowers yellow, with palm and Arundinaria, damo shady canyon bottom under trees, oak forest and grassland"
"410",410,"idigbio","TEX00242793",16.8724,-99.903,"si",1971,2,23,"Guerrero","Pie de la cuesta","16 km NW de Acapulco",""
"415",415,"idigbio","48379",25.5269444,-108.9072222,"si",1981,3,2,"Sinaloa","San Ignacio","La Cebolla, aprox 44 km al N de San Ignacio","hierba voluble, flor amarilla"
"416",416,"idigbio","TEX00242785",17.79,94.1,"si",1980,3,12,"Veracruz","Ciudad Aleman","3 km S of Ciudad Aleman",""
"423",423,"idigbio","TEX00451549",18.063899,-102.323588,"si",2006,12,13,"Michoacan","Lazaro Cardenas","aprox 4.5km de La Mira, sobre la carretera a Arteaga","laderas con bosque tropical caducifolio, a orilla de carretera"
"427",427,"idigbio","38358",15.7537222,-96.1465556,"si",2005,2,15,"Oaxaca","Santa Maria Huatulco","camino viejo a Santa Maria Huatulco 2km en linea recta de Santa Cruz Huatulco","bejuco flor amarilla"
"435",435,"idigbio","162114",15.8191667,-95.9858333,"si",2000,3,8,"Oaxaca","Santiago Astata","barra de la cruz 3km al SW, 1 km al N de Playa Zimatan, Tehuantepec",""
