"n_ord.x","extractn","tip_iapr_1","cluster_adm","color_admix","PC1","PC2","PC3"
1,"e005","e005_gro_Cuajinicuila",1,"#FEE08B",-0.0309470060366237,-0.0117645059668984,-0.00610303493905548
2,"e006","e006_gro_SnLAcatatlan",1,"#FEE08B",-0.0192903198526903,-0.0403384879128651,-0.00594066087359463
3,"e007","e007_gro_Ometep",1,"#FEE08B",0.0608795584312242,-0.0145858981272124,0.0112427408315306
4,"e008","e008_gro_Ayutla",1,"#FEE08B",0.00562302657769578,-0.0438030083332504,-0.00229755898264693
5,"e009","e009_gro_LaUniion",2,"#FDAE61",0.0121057193754912,-0.0544468217242247,-0.0082419459349182
6,"e010","e010_gro_Acapulco",2,"#FDAE61",0.0443883086529767,0.00636190783416179,0.00862293871699879
7,"e013","e013_chi_Arriaga",3,"#3288BD",0.0601468071108917,-0.0377718049057303,0.00203238035293712
8,"e014","e014_oax_SnMigPuerto",6,"#E6F598",0.0388450375782252,0.00205580841244701,0.00745277482926307
9,"e015","e015_col_Manzanillo",2,"#FDAE61",0.00801415173154493,-0.0304939124425356,-0.00227145368985716
10,"e016","e016_nay_Ruiz",5,"#9E0142",-0.0163934264309583,0.0378116161835178,0.0124623577887876
11,"e017","e017_nay_Tepic",9,"#D53E4F",-0.0264222947531299,0.0374238412424196,0.00915773600574549
12,"e018","e018_nay_Ahuacatl",9,"#D53E4F",-0.0423346128933226,0.00262586863286466,-0.00250168111780522
13,"e019","e019_nay_Tepic",9,"#D53E4F",-0.157108267126218,0.0260516786129575,-0.0109241464447635
14,"e020","e020_nay_Tepic",9,"#D53E4F",0.0578129275991671,-0.0192130713856438,0.00820360762552527
15,"e022","e022_ver_Soconusco",3,"#3288BD",0.000789355572340476,-0.013799303766114,-0.0079785217304803
16,"e023","e023_ver_Soconusco",3,"#3288BD",0.0266531345099624,-0.0415306401304188,0.00166900620625406
17,"e024","e024_ver_Soconusco",3,"#3288BD",-0.0141808860220809,0.0101134466853798,0.00123086268583869
18,"e025","e025_mich_Aquila",2,"#FDAE61",-0.0257345204744128,0.0374894516924082,0.00712745856489377
19,"e026","e026_mich_Coahuaya",2,"#FDAE61",0.0610510954682304,-0.0559416259741344,0.00262062129313888
20,"e027","e027_mich_Coahuaya",2,"#FDAE61",-0.00135137794498976,0.0311603245453943,0.00204212167186586
21,"e028","e028_mich_Coahuaya",2,"#FDAE61",0.0619801691618846,-0.0228602625850982,0.010547499787962
22,"e029","e029_col_Manzanillo",2,"#FDAE61",0.0536295629226231,-0.0494687913530166,0.00347879481146289
23,"e030","e030_col_Manzanillo",2,"#FDAE61",0.0463932719251543,0.0391592960074169,0.0136210079487728
24,"e031","e031_col_Manzanillo",2,"#FDAE61",0.0409971867599572,-0.0496484261229687,0.00772779015219607
25,"e032","e032_col_Manzanillo",2,"#FDAE61",-0.0621047658217638,0.0480860482357351,0.00582863736345055
26,"e033","e033_jal_BarraNavi",2,"#FDAE61",-0.0510769765439545,0.024345165728427,0.00121995245800742
27,"e034","e034_jal_BarraNavi",2,"#FDAE61",0.0723631509554509,0.0191081378037553,0.0152211054865641
28,"e035","e035_jal_BarraNavi",2,"#FDAE61",0.0584442755748435,-0.000834681819986648,0.00315587601019313
29,"e036","e036_jal_CaboCorr",5,"#9E0142",-0.012679874535713,0.0595276439151062,0.0102428505445087
30,"e037","e037_oax_SnMigPuerto",6,"#E6F598",-0.0144500508970508,0.039442081510106,-0.00547092156616011
31,"e038","e038_jal_PtoVallarta",7,"#F46D43",-0.0425401428376588,-0.00407733338800312,-0.00671480477008989
32,"e039","e039_jal_PtoVallarta",7,"#F46D43",-0.00317805951410338,-0.028502924384262,-0.00486368807208758
33,"e040","e040_nay_BahBand",9,"#D53E4F",-0.0756359608208477,0.0183940410951804,-0.010003842443679
34,"e041","e041_nay_BahBand",9,"#D53E4F",0.00939444573915372,0.0047707379607252,0.0029192983461865
35,"e042","e042_nay_BahBand",9,"#D53E4F",-0.00397605874756745,-0.0320986939212811,0.00321738203671282
36,"e043","e043_oax_SnMigPuerto",6,"#E6F598",-0.0801203326286216,0.0106483218499691,-0.0107821033928491
37,"e044","e044_nay_Compost",9,"#D53E4F",0.0358877401879606,-0.0280492784627768,0.00501930096965529
38,"e045","e045_nay_Compost",9,"#D53E4F",0.0612695099477,-0.0253317978045255,0.00586303251699433
39,"e046","e046_nay_SanBlas",9,"#D53E4F",0.0255823983576694,-0.0591117203013001,-0.00145756959086534
40,"e047","e047_oax_Brisas",6,"#E6F598",-0.0321380929764681,-0.0345102051548525,-0.0102165706442229
41,"e048","e048_nay_SanBlas",9,"#D53E4F",-0.0194260181060429,-0.0668985401517477,-0.00718055727337611
42,"e049","e049_sin_Concord",9,"#D53E4F",-0.0107038457204493,-0.0442119672185689,-2.38965278644452e-06
43,"e050","e050_sin_Concord",9,"#D53E4F",0.0708985327940352,-0.0122641394721698,0.0115970628948375
44,"e051","e051_sin_Concord",9,"#D53E4F",0.0670933224064377,-0.00448554117055353,-0.0017387914829533
45,"e052","e052_sin_Concord",9,"#D53E4F",0.076060036145692,0.0300096569202133,0.010519824531738
46,"e053","e053_chi_Mapastepec",8,"#5E4FA2",0.0487347190224214,0.00477749508462351,0.00464793123728397
47,"e054","e054_oax_SnMigPuerto",6,"#E6F598",-0.0337088294429586,-0.0399419272701076,-0.00569492793937358
48,"e055","e055_chi_Mapastepec",8,"#5E4FA2",0.0540936678753848,-0.0189809865327611,0.00565527765702157
49,"e056","e056_chi_Mapastepec",8,"#5E4FA2",-0.039083040869618,0.0098867896329179,2.74970536363684e-05
50,"e057","e057_chi_Mapastepec",8,"#5E4FA2",0.0508324579353407,-0.0408744613892797,-0.00235799096825933
51,"e058","e058_chi_Mapastepec",8,"#5E4FA2",0.0328942090079846,0.0348710732728115,-0.000619457434026282
52,"e059","e059_chi_Tuzantan",8,"#5E4FA2",0.0359369490958666,0.0294837365457383,0.0170226110436044
53,"e060","e060_chi_Tuzantan",8,"#5E4FA2",0.0358224617239048,0.0245559627854878,0.00316863726370158
54,"e061","e061_chi_VillaComaltit",8,"#5E4FA2",-0.0137373995882667,0.01503106630834,-0.00288060097371753
55,"e062","e062_chi_VillaComaltit",8,"#5E4FA2",0.00929870394844308,0.00161261224566076,0.00341888829240214
56,"e063","e063_chi_Arriaga",3,"#3288BD",-0.048700277593541,0.0359188354076534,0.00427320854660836
57,"e064","e064_chi_Arriaga",3,"#3288BD",0.0444934659556102,0.0499936368917831,0.00942115732791483
58,"e065","e065_oax_BarraCruz",6,"#E6F598",0.0273923973440255,-0.0142760975999455,-0.00955734794832514
59,"e066","e066_oax_BarraCruz",6,"#E6F598",0.0510977076227369,0.00811319412777928,0.0138856693850061
60,"e067","e067_oax_StaMaPetepa",3,"#3288BD",-0.0872624979482842,0.0167507617196147,-0.00415181777020814
61,"e068","e068_oax_StaMaPetepa",3,"#3288BD",-0.0148091778477406,-0.023557582485475,0.00334120971111052
62,"e069","e069_oax_StaMaPetepa",3,"#3288BD",-0.0364982596776486,-0.0180824405654836,0.000300623199493606
63,"e071","e071_oax_SnJuanGuichic",3,"#3288BD",-0.0237319698354134,-0.00956588229370368,0.00655905784571179
64,"e072","e072_oax_SnJuanGuichic",3,"#3288BD",-0.054788593910557,0.0343169130459693,-0.00347955498402104
65,"e073","e073_oax_StaMaChimalap",3,"#3288BD",0.00277058238805187,-0.0337322995419402,-0.00424068109542822
66,"e074","e074_oax_StaMaChimalap",3,"#3288BD",0.0149500212494885,-0.0272444229890141,0.00634349815692389
67,"e075","e075_oax_StaMaChimalap",3,"#3288BD",0.0324554722773141,0.0399704265977047,0.0169048966235974
68,"e076","e076_oax_MatiasRom",3,"#3288BD",-0.0187101617879622,-0.0130291140013604,-0.00139908148597459
69,"e077","e077_ver_LomaBonit",3,"#3288BD",0.0429298120935524,0.0235389637941248,0.0064044893336355
70,"e078","e078_ver_SayulaAleman",3,"#3288BD",-0.0686372800184685,0.0155284141345626,-0.00275530479439784
71,"e079","e079_ver_SayulaAleman",3,"#3288BD",-0.0746162996245603,-0.00137135144101326,-0.0049549630683749
72,"e080","e080_ver_SayulaAleman",3,"#3288BD",0.115972375914559,-0.0248565695505104,0.00615408366914833
73,"e081","e081_ver_SnJuanEvangel",3,"#3288BD",-0.0309999060572438,0.00999331173987527,0.000176426629981892
74,"e082","e082_ver_SnJuanEvangel",3,"#3288BD",-0.0370025076677591,0.00337944571036239,-0.00497413217125829
75,"e084","e084_oax_SnMigPuerto",6,"#E6F598",0.029844613486992,-0.00597903969611749,0.0078010811501016
76,"e085","e085_ver_Hueyapan",3,"#3288BD",-0.0486229740440322,-0.0208650182484546,-0.0109882536974355
77,"e086","e086_ver_Catemaco",3,"#3288BD",-0.0729863582661047,-0.0192972188903028,-0.0077663014283368
78,"e087","e087_ver_Matalcalcin",3,"#3288BD",0.0449156751434756,0.0792966357213864,0.00171467838738995
79,"e088","e088_ver_Matalcalcin",3,"#3288BD",-0.0533037879315612,0.0107354201796232,-0.00763325229469014
80,"e089","e089_oax_Tuxtepec",10,"#ABDDA4",0.0136718034486922,-0.0159137511194082,0.00360591263133078
81,"e090","e090_oax_Tuxtepec",10,"#ABDDA4",0.0570623776709963,0.0353633055776169,0.0137515532293136
82,"e091","e091_oax_SantiagoJamilt",1,"#FEE08B",-0.0330859249685618,0.0211207950066986,-0.00125463913616126
83,"e092","e092_oax_Tuxtepec",10,"#ABDDA4",0.0414955163819124,-0.0411352468642435,0.00996803774208389
84,"e093","e093_ver_TierraBlanca",10,"#ABDDA4",-0.00431730274348525,0.00325598558488194,0.00581201381335353
85,"e094","e094_ver_TierraBlanca",10,"#ABDDA4",-0.0951168224238042,-0.0133450284770567,-0.0167853496809042
86,"e095","e095_ver_TierraBlanca",10,"#ABDDA4",-0.00907883093073913,-0.0224302108479083,-0.00125178396945713
87,"e096","e096_ver_TierraBlanca",10,"#ABDDA4",-0.0200135489171491,-0.0136964264822064,0.000655087812194265
88,"e097","e097_ver_TierraBlanca",10,"#ABDDA4",-0.00620165159462952,0.0482239801491349,0.00177552234181702
89,"e098","e098_ver_PasoSnJuan",10,"#ABDDA4",-0.0973955026185269,-0.00974777557003176,-0.012742097016594
90,"e099","e099_ver_PasoSnJuan",10,"#ABDDA4",-0.180293031897447,-0.0271812293559527,-0.0339120340107734
91,"e100","e100_ver_PasoOvejas",10,"#ABDDA4",-0.0214695923564189,-0.0209980730388593,-0.00244935458393259
92,"e101","e101_ver_PasoOvejas",10,"#ABDDA4",0.00304079498290021,0.0300012275448231,0.00368754713221382
93,"e102","e102_ver_PuenteNal",10,"#ABDDA4",-0.00185353024992035,0.0460758570433277,0.0128016564473354
94,"e103","e103_ver_Jalcomul",10,"#ABDDA4",0.0079853847586069,0.0204654399954507,-0.00600305718303231
95,"e104","e104_oax_SantiagoJamilt",1,"#FEE08B",0.00617460798582127,0.0296640878766959,0.00635780413312324
96,"e105","e105_ver_Chicontep",4,"#66C2A5",0.012263377095716,0.012098548046681,0.00632789705384419
97,"e106","e106_ver_Chicontep",4,"#66C2A5",0.0118622886646057,-0.00997218026288267,-0.00411924236818734
98,"e107","e107_oax_SantiagoJamilt",1,"#FEE08B",0.0220634162128761,-0.00633537323861457,0.0110248248662041
99,"e108","e108_ver_Ixhuatlan",4,"#66C2A5",-0.00732316595035828,-0.0208268488041344,-0.000681533996557625
100,"e109","e109_oax_SantiagoJamilt",1,"#FEE08B",-0.00129478477568318,-0.0214520170483657,0.00188304123731387
101,"e110","e110_ver_AlamoTem",4,"#66C2A5",0.0378056145837172,-0.0404145717366776,0.00513512011987217
102,"e111","e111_ver_Tepetzintla",4,"#66C2A5",0.20358227744805,0.0724927092586526,-0.242937778468085
103,"e112","e112_ver_Tepetzintla",4,"#66C2A5",-0.0465407686789835,-0.0679702989816496,-0.0123307452870788
104,"e113","e113_ver_Chicontep",4,"#66C2A5",0.0304936352526152,-0.0330836010895329,0.00500687306750423
105,"e114","e114_ver_Chicontep",4,"#66C2A5",0.0146603769939759,-0.0366987936489973,-0.000678187775686105
106,"e115","e115_ver_Chicontep",4,"#66C2A5",0.0819857441742847,-0.0373487776061159,0.00981248265752697
107,"e116","e116_ver_Chicontep",4,"#66C2A5",-0.098032196224573,0.0312151178040714,-0.00112714296618339
108,"e117","e117_ver_Chicontep",4,"#66C2A5",-0.0259397411801262,-0.0179809932796637,-0.00956534864315694
109,"e118","e118_ver_Chicontep",4,"#66C2A5",-0.112741722624108,0.000777493404859401,-0.0174921205707412
110,"e119","e119_ver_Chicontep",4,"#66C2A5",-0.0859403830486142,-0.00411913296304193,-0.00691657294921885
111,"e120","e120_ver_Chicontep",4,"#66C2A5",-0.0474513542863123,-0.00888449605680176,-0.00207522506791058
112,"e121","e121_ver_Chicontep",4,"#66C2A5",0.0229492432166702,0.00680550915570066,0.0142413904531434
113,"e122","e122_ver_BenitoJuar",4,"#66C2A5",-0.0626468727433653,-0.010966631006136,-0.00543433174212867
114,"e123","e123_ver_Ixhuatlan",4,"#66C2A5",-0.0849770859900899,0.0453090609806157,-0.00471666944352735
115,"e124","e124_ver_Ixhuatlan",4,"#66C2A5",-0.0653537752200875,-0.027601333749237,-0.00925182151899881
116,"e125","e125_oax_SnAndresHuax",1,"#FEE08B",-0.0277636817530528,-0.013180010263362,-0.0029362717071523
117,"e126","e126_ver_Ixhuatlan",4,"#66C2A5",-0.0521331828815877,-0.031363524613228,-0.0118869960603374
118,"e127","e127_ver_Ixhuatlan",4,"#66C2A5",0.0398194549379229,0.0352618386188451,0.0172551415420676
119,"e128","e128_ver_Ixhuatlan",4,"#66C2A5",-0.022228784900817,0.0192517857641524,-0.000980807896011663
120,"e129","e129_ver_Ixhuatlan",4,"#66C2A5",0.0502560795973316,0.00947587305392999,0.0101987228069571
121,"e130","e130_ver_Ixhuatlan",4,"#66C2A5",0.013213087735225,-0.0429950866779533,-0.00187343626698781
122,"e131","e131_ver_Ixhuatlan",4,"#66C2A5",-0.0432937530078381,-0.00651827663720927,-0.00384007115525518
123,"e132","e132_ver_Ixhuatlan",4,"#66C2A5",0.0174448285548288,0.0322329354832893,0.00581321655020532
124,"e133","e133_ver_Ixhuatlan",4,"#66C2A5",0.0418015843383473,-0.0227310176808635,0.00896464126417411
125,"e134","e134_pue_Pantepec",4,"#66C2A5",0.0220893904443545,-0.0402845914698665,-0.00146159805772327
126,"e135","e135_pue_Pantepec",4,"#66C2A5",-0.0301966496105713,-0.0589016835128195,-0.0144123373342693
127,"e136","e136_gro_Atoyac",2,"#FDAE61",-0.0176284822089208,0.0401038834408916,0.00752111095587655
128,"e137","e137_gro_Atoyac",2,"#FDAE61",0.0048136256436501,0.038174256423823,-0.000656057479380932
129,"e138","e138_gro_Petatlan",2,"#FDAE61",-0.00666106543164976,0.0227507192759209,0.00681187348527252
130,"e139","e139_gro_Petatlan",2,"#FDAE61",0.0230900518225538,0.043119579326605,0.0018647829353336
131,"e140","e140_gro_Petatlan",2,"#FDAE61",-0.00900390465558434,0.0860832699162807,0.00812332690863136
132,"e141","e141_gro_Petatlan",2,"#FDAE61",0.01326669216412,0.0593143735646837,0.0143481862305575
133,"e143","e143_gro_Zihuatanejo",2,"#FDAE61",-0.0129688541704816,-0.0202770382999617,0.00312325198996963
134,"e145","e145_gro_Zihuatanejo",2,"#FDAE61",0.0583599875797487,0.0134710345016699,0.0132066748759323
135,"e146","e146_gro_Zihuatanejo",2,"#FDAE61",0.0455707052184794,-0.00393913088787637,0.00556405549373771
136,"e147","e147_mich_PlayaAzul",2,"#FDAE61",0.0157628378425986,-0.0233966576752131,0.0038686839825279
137,"e148","e148_mich_PlayaAzul",2,"#FDAE61",-0.0108525813523988,0.0581016441290577,0.0134481076422165
138,"e149","e149_mich_Encinal",2,"#FDAE61",-0.0130465032567057,-0.0576406208197969,-0.00987607098439711
139,"e150","e150_mich_Encinal",2,"#FDAE61",0.0386922736497893,-0.0115571925189605,0.00312193721066734
140,"e151","e151_mich_Encinal",2,"#FDAE61",0.0286164912785807,0.064622881327199,0.0114690936656814
141,"e152","e152_mich_Aquila",2,"#FDAE61",0.0766383766145318,0.0241727170326013,0.00870601678131598
142,"e153","e153_mich_Aquila",2,"#FDAE61",0.047911803248864,0.0486134289362812,0.00413319373537067
143,"e162","e162_mich_Aquila",2,"#FDAE61",0.0936638877975526,0.0130398354011896,0.00436965866940193
144,"e163","e163_mich_Encinal",2,"#FDAE61",0.047321287973822,-0.00733766420911518,0.00998957183559056
145,"e164","e164_mich_PlayaAzul",2,"#FDAE61",0.0131030850568141,0.0637986060020343,0.0102397090798725
146,"e165","e165_gro_Atoyac",2,"#FDAE61",0.00543264560679334,-0.00919095415936818,0.00524109182335928
147,"e166","e166_pue_Pantepec",4,"#66C2A5",-0.0296954069395929,-0.0393704838309463,-0.00691697015392648
148,"e167","e167_oax_SnAndresHuax",1,"#FEE08B",-0.0169321893756268,0.00973914126314077,-0.00207853687826443
149,"e168","e168_ver_BenitoJuar",4,"#66C2A5",0.0269177687131747,0.0575753090985243,0.015213542709721
150,"e169","e169_ver_BenitoJuar",4,"#66C2A5",-0.023536637489393,-0.0236203352245848,-0.0155949736155254
151,"e170","e170_oax_SnAndresHuax",1,"#FEE08B",-0.0173675411486961,-0.0263765302151119,-0.0111476944313168
152,"e171","e171_ver_Tepetzintla",4,"#66C2A5",-0.0199657655406131,-0.0740730151976117,-0.00644509524276762
153,"e172","e172_ver_Ixhuatlan",4,"#66C2A5",0.0125000022352767,-0.0276697304754707,0.00249014923500596
154,"e173","e173_ver_Ixhuatlan",4,"#66C2A5",-0.0130164204964152,-0.00498587934364374,0.00147474344243167
155,"e174","e174_ver_PuenteNal",10,"#ABDDA4",0.0872654666048111,-0.002842945300632,0.020744845809383
156,"e175","e175_ver_PasoOvejas",10,"#ABDDA4",-0.015105004408987,-0.0140731369242113,0.0013620357111762
157,"e176","e176_ver_PasoSnJuan",10,"#ABDDA4",-0.065144165126114,0.0077632570785986,-0.00810769344713823
158,"e177","e177_oax_Tuxtepec",10,"#ABDDA4",0.0921354305458425,-0.0456964418016784,0.00397779744619977
159,"e178","e178_ver_Matalcalcin",3,"#3288BD",0.013390062156243,-0.0343385481248109,0.000716710829362811
160,"e179","e179_ver_Catemaco",3,"#3288BD",-0.0748194364058637,-0.00780840349316429,-0.0084971012713393
161,"e180","e180_ver_Hueyapan",3,"#3288BD",-0.0115546681437698,0.00388334152589925,0.00504097951379468
162,"e181","e181_ver_Hueyapan",3,"#3288BD",-0.0560179881345773,0.00760677553556709,-0.00670041299005088
163,"e182","e182_ver_LomaBonit",3,"#3288BD",-0.0148170482519536,0.0186728284750577,-0.000405288798883697
164,"e183","e183_ver_LomaBonit",3,"#3288BD",0.0241543698407081,-0.0274234441612644,0.00918586686134274
165,"e184","e184_oax_MatiasRom",3,"#3288BD",-0.0198505324909722,0.0182618226774023,-0.00370561769638744
166,"e185","e185_oax_StaMaChimalap",3,"#3288BD",0.00274516366909642,-0.015522503465113,0.00762602054646433
167,"e186","e186_oax_SnJuanGuichic",3,"#3288BD",-0.00128415227229719,-0.00764680710972091,0.00544786719693551
168,"e187","e187_oax_BarraCruz",6,"#E6F598",0.020029306025979,0.0396714273783776,0.00919691802894007
169,"e190","e190_chi_Tuzantan",8,"#5E4FA2",0.0531343970602348,0.048442523505757,0.0189486039482555
170,"e191","e191_chi_Tuzantan",8,"#5E4FA2",0.0359369490958666,0.0294837365457385,0.0170226110436043
171,"e192","e192_chi_Mapastepec",8,"#5E4FA2",0.00909478404982907,0.0379730639147368,0.0051310287789136
172,"e193","e193_oax_Brisas",6,"#E6F598",-0.0110708134215336,-0.0371439597502442,-0.00670604428641227
173,"e194","e194_nay_SanBlas",9,"#D53E4F",0.0126746998437226,0.0117574013207118,0.00119851270072156
174,"e195","e195_nay_Compost",9,"#D53E4F",0.0511934485930593,-0.00971785452524119,0.00505985745383405
175,"e196","e196_jal_PtoVallarta",7,"#F46D43",-0.0095472132427012,-0.0151941545752414,-0.00264214033173725
176,"e197","e197_jal_CaboCorr",5,"#9E0142",-0.0999836409186972,0.0536459166145871,-0.0106297340686382
177,"e199","e199_jal_BarraNavi",2,"#FDAE61",-0.0385701751797271,0.000564226544597661,-0.00686187196303324
178,"e200","e200_mich_Coahuaya",2,"#FDAE61",-0.0457584575461581,0.0567798897268504,-0.0061000812540127
